,Tm,Season_Yr,PF_Off,Yds_Off,Ply_Off,Y_Per_P_Off,TO_Off,FL_Off,1stD_Off,Cmp_Off,Att_Off,TD_Off,Int_Off,NY_Per_A_Off,Y_Per_A_Off,Pen_Off,1stPy_Off,Sc_Perc_Off,TO_Perc_Off,EXP_Off,Cmp_POff,Att_POff,Cmp_Perc_Off,Yds_POff,TD_POff,TD_Perc_Off,Int_POff,Int_Perc_Off,Lng,Y_Per_A_POff,AY_Per_A_Off,Y_Per_C_Off,Y_Per_G_Off,Rate_Off,Sk_Off,NY_Per_A_POff,ANY_Per_A_Off,Sk_Perc_Off,4QC,GWD,EXP_POff,PF_Def,Yds_Def,Ply_Def,Y_Per_P_Def,TO_Def,FL_Def,1stD_Def,Cmp_Def,Att_Def,TD_Def,Int_Def,NY_Per_A_Def,Y_Per_A_Def,Pen_Def,1stPy_Def,Sc_Perc_Def,TO_Perc_Def,EXP_Def,Cmp_PDef,Att_PDef,Cmp_Perc_Def,Yds_PDef,TD_PDef,TD_Perc_Def,Int_PDef,Int_Perc_Def,Y_Per_A_PDef,AY_Per_A_Def,Y_Per_C_Def,Y_Per_G_Def,Rate_Def,Sk_Def,NY_Per_A_PDef,ANY_Per_A_Def,Sk_Perc_Def,EXP_PDef
0,New England Patriots,2012,557.0,6846.0,1191.0,5.7,16.0,7.0,444.0,402.0,641.0,34.0,9.0,7.0,4.2,97.0,37.0,48.1,8.1,253.91,402.0,641.0,62.7,4662.0,34.0,5.3,9.0,1.4,83,7.6,8.0,12.0,291.4,97.7,27.0,7.0,7.4,4.0,1.0,2.0,235.67,331.0,5972.0,1046.0,5.7,41.0,21.0,340.0,369.0,594.0,27.0,20.0,6.9,3.9,101.0,33.0,30.1,20.4,-21.24,369.0,594.0,62.1,4342.0,27.0,4.5,20.0,3.4,7.7,7.1,12.3,271.4,86.9,37.0,6.9,6.3,5.9,-80.65
1,Denver Broncos,2012,481.0,6366.0,1090.0,5.8,25.0,14.0,380.0,402.0,588.0,37.0,11.0,7.4,3.8,100.0,36.0,39.9,12.2,135.85,402.0,588.0,68.4,4534.0,37.0,6.3,11.0,1.9,71,7.9,8.4,11.6,283.4,105.3,21.0,7.4,7.8,3.4,3.0,3.0,197.32,289.0,4652.0,1015.0,4.6,24.0,8.0,287.0,321.0,559.0,25.0,16.0,5.2,3.6,123.0,31.0,26.9,11.9,91.32,321.0,559.0,57.4,3194.0,25.0,4.5,16.0,2.9,6.4,6.0,11.1,199.6,79.4,52.0,5.2,4.9,8.5,31.07
2,New Orleans Saints,2012,461.0,6574.0,1067.0,6.2,24.0,5.0,352.0,423.0,671.0,43.0,19.0,7.2,4.3,104.0,21.0,37.4,12.1,142.9,423.0,671.0,63.0,4997.0,43.0,6.4,19.0,2.8,80,7.7,7.7,12.3,312.3,96.4,26.0,7.2,7.2,3.7,1.0,2.0,157.98,454.0,7042.0,1089.0,6.5,26.0,11.0,380.0,370.0,602.0,31.0,15.0,7.4,5.2,102.0,28.0,39.6,13.0,-124.99,370.0,602.0,61.5,4681.0,31.0,5.1,15.0,2.5,8.1,8.0,13.2,292.6,93.8,30.0,7.4,7.3,4.7,-131.01
3,Washington Redskins,2012,436.0,6131.0,994.0,6.2,14.0,6.0,341.0,291.0,442.0,24.0,8.0,7.2,5.2,116.0,26.0,39.3,7.7,130.52,291.0,442.0,65.8,3422.0,24.0,5.4,8.0,1.8,88,8.3,8.6,12.6,213.9,102.1,33.0,7.2,7.5,6.9,4.0,3.0,94.01,388.0,6043.0,1031.0,5.9,31.0,10.0,340.0,393.0,636.0,31.0,21.0,6.8,4.2,100.0,28.0,38.3,16.9,-72.09,393.0,636.0,61.8,4511.0,31.0,4.9,21.0,3.3,7.4,6.9,12.0,281.9,87.0,32.0,6.8,6.3,4.8,-90.01
4,Green Bay Packers,2012,433.0,5751.0,1042.0,5.5,16.0,8.0,341.0,374.0,558.0,40.0,8.0,6.6,3.9,103.0,43.0,37.6,8.1,149.37,374.0,558.0,67.0,4049.0,40.0,7.2,8.0,1.4,73,7.8,8.6,11.6,253.1,108.3,51.0,6.6,7.4,8.4,2.0,3.0,176.46,336.0,5388.0,1033.0,5.2,23.0,5.0,308.0,313.0,568.0,24.0,18.0,5.7,4.5,123.0,34.0,33.2,11.8,-34.23,313.0,568.0,55.1,3492.0,24.0,4.2,18.0,3.2,6.7,6.1,12.1,218.3,76.8,47.0,5.7,5.1,7.6,-20.6
5,New York Giants,2012,429.0,5687.0,968.0,5.9,21.0,6.0,327.0,323.0,539.0,26.0,15.0,6.8,4.6,72.0,37.0,43.8,11.9,103.44,323.0,539.0,59.9,3825.0,26.0,4.8,15.0,2.8,80,7.4,7.1,12.3,239.1,87.2,20.0,6.8,6.6,3.6,3.0,3.0,101.32,344.0,6134.0,1016.0,6.0,35.0,14.0,317.0,341.0,534.0,26.0,21.0,7.2,4.6,102.0,17.0,35.4,17.1,-46.92,341.0,534.0,63.9,4068.0,26.0,4.9,21.0,3.9,8.1,7.3,12.6,254.3,88.7,33.0,7.2,6.4,5.8,-56.43
6,Atlanta Falcons,2012,419.0,5906.0,1021.0,5.8,18.0,4.0,343.0,422.0,615.0,32.0,14.0,7.0,3.7,55.0,26.0,44.0,10.3,153.25,422.0,615.0,68.6,4509.0,32.0,5.2,14.0,2.3,80,7.7,7.7,11.2,281.8,99.1,28.0,7.0,7.0,4.4,5.0,7.0,211.97,299.0,5849.0,991.0,5.9,31.0,11.0,298.0,337.0,551.0,14.0,20.0,6.7,4.8,83.0,10.0,31.7,17.2,-42.48,337.0,551.0,61.2,3878.0,14.0,2.5,20.0,3.6,7.4,6.2,12.0,242.4,77.1,29.0,6.7,5.6,5.0,-49.35
7,Houston Texans,2012,416.0,5953.0,1090.0,5.5,17.0,4.0,341.0,354.0,554.0,22.0,13.0,6.6,4.2,108.0,22.0,35.6,8.4,84.0,354.0,554.0,63.9,3830.0,22.0,4.0,13.0,2.3,60,7.3,7.0,11.4,239.4,89.2,28.0,6.6,6.3,4.8,2.0,2.0,121.0,331.0,5172.0,1015.0,5.1,29.0,14.0,292.0,308.0,581.0,29.0,15.0,5.8,4.0,90.0,31.0,28.0,14.5,53.85,308.0,581.0,53.0,3612.0,29.0,5.0,15.0,2.6,6.7,6.5,12.6,225.8,80.0,44.0,5.8,5.6,7.0,4.33
8,Seattle Seahawks,2012,412.0,5610.0,974.0,5.8,18.0,8.0,311.0,259.0,405.0,27.0,10.0,6.9,4.8,110.0,29.0,39.4,10.0,129.06,259.0,405.0,64.0,3031.0,27.0,6.7,10.0,2.5,67,8.0,8.2,12.5,189.4,100.6,33.0,6.9,7.1,7.5,4.0,5.0,129.26,245.0,4899.0,968.0,5.1,31.0,13.0,295.0,327.0,564.0,15.0,18.0,5.4,4.5,102.0,29.0,27.2,16.0,27.33,327.0,564.0,58.0,3250.0,15.0,2.7,18.0,3.2,6.2,5.3,10.7,203.1,71.8,36.0,5.4,4.6,6.0,17.48
9,Baltimore Ravens,2012,398.0,5640.0,1042.0,5.4,16.0,5.0,314.0,334.0,560.0,22.0,11.0,6.3,4.3,121.0,34.0,35.8,7.8,81.26,334.0,560.0,59.6,3739.0,22.0,3.9,11.0,2.0,61,7.1,7.0,12.0,233.7,86.4,38.0,6.3,6.2,6.4,4.0,4.0,112.02,344.0,5615.0,1086.0,5.2,25.0,12.0,326.0,335.0,557.0,15.0,13.0,6.1,4.0,107.0,34.0,34.9,12.0,-10.19,335.0,557.0,60.1,3650.0,15.0,2.7,13.0,2.3,7.0,6.5,11.6,228.1,80.6,37.0,6.1,5.7,6.2,-51.65
10,San Francisco 49ers,2012,397.0,5789.0,969.0,6.0,16.0,8.0,322.0,289.0,436.0,23.0,8.0,6.9,5.1,109.0,22.0,39.3,7.9,147.79,289.0,436.0,66.3,3298.0,23.0,5.3,8.0,1.8,57,8.1,8.4,12.3,206.1,101.2,41.0,6.9,7.1,8.6,2.0,2.0,100.46,273.0,4710.0,1012.0,4.7,25.0,11.0,284.0,337.0,567.0,19.0,14.0,5.3,3.7,93.0,34.0,26.7,12.8,25.05,337.0,567.0,59.4,3203.0,19.0,3.4,14.0,2.5,6.1,5.7,10.3,200.2,78.0,38.0,5.3,4.9,6.3,-34.6
11,Cincinnati Bengals,2012,391.0,5323.0,1016.0,5.2,26.0,10.0,292.0,335.0,540.0,28.0,16.0,6.1,4.1,99.0,24.0,35.4,12.8,-3.9,335.0,540.0,62.0,3578.0,28.0,5.2,16.0,3.0,73,7.1,6.8,11.4,223.6,88.1,46.0,6.1,5.8,7.8,2.0,4.0,5.27,320.0,5115.0,1034.0,4.9,30.0,16.0,307.0,346.0,560.0,16.0,14.0,5.6,4.1,90.0,25.0,29.3,14.1,51.85,346.0,560.0,61.8,3400.0,16.0,2.9,14.0,2.5,6.7,6.2,10.9,212.5,80.7,51.0,5.6,5.1,8.3,25.72
12,Tampa Bay Buccaneers,2012,389.0,5820.0,1008.0,5.8,23.0,6.0,301.0,311.0,566.0,27.0,17.0,6.7,4.4,101.0,24.0,35.2,10.9,37.78,311.0,566.0,54.9,3983.0,27.0,4.8,17.0,3.0,95,7.3,6.9,13.3,248.9,81.8,26.0,6.7,6.3,4.4,1.0,1.0,47.58,394.0,6078.0,1031.0,5.9,26.0,8.0,329.0,410.0,627.0,30.0,18.0,7.3,3.5,103.0,28.0,32.8,12.5,-58.96,410.0,627.0,65.4,4758.0,30.0,4.8,18.0,2.9,7.9,7.6,12.1,297.4,93.5,27.0,7.3,7.0,4.1,-112.61
13,Minnesota Vikings,2012,379.0,5385.0,1001.0,5.4,23.0,11.0,306.0,300.0,483.0,18.0,12.0,5.3,5.4,90.0,30.0,37.9,12.6,34.14,300.0,483.0,62.1,2751.0,18.0,3.7,12.0,2.5,65,6.1,5.7,9.8,171.9,81.2,32.0,5.3,5.0,6.2,1.0,2.0,24.46,348.0,5600.0,1083.0,5.2,22.0,12.0,345.0,391.0,612.0,28.0,10.0,6.0,4.0,111.0,34.0,33.7,11.8,-52.32,391.0,612.0,63.9,3908.0,28.0,4.6,10.0,1.6,6.8,7.0,10.7,244.3,92.3,44.0,6.0,6.1,6.7,-110.94
14,Dallas Cowboys,2012,376.0,5994.0,1049.0,5.7,29.0,10.0,338.0,434.0,658.0,29.0,19.0,6.8,3.6,117.0,25.0,36.7,15.0,67.75,434.0,658.0,66.0,4729.0,29.0,4.4,19.0,2.9,85,7.6,7.2,11.5,295.6,91.3,36.0,6.8,6.4,5.2,5.0,5.0,129.09,400.0,5687.0,986.0,5.8,16.0,9.0,317.0,320.0,511.0,22.0,7.0,6.8,4.5,89.0,30.0,38.9,8.0,-94.29,320.0,511.0,62.6,3684.0,22.0,4.3,7.0,1.4,7.6,7.9,12.2,230.3,94.7,34.0,6.8,7.0,6.2,-121.34
15,Chicago Bears,2012,375.0,4969.0,999.0,5.0,24.0,8.0,292.0,287.0,485.0,21.0,16.0,5.7,4.2,102.0,30.0,30.3,11.8,-38.94,287.0,485.0,59.2,2999.0,21.0,4.3,16.0,3.3,60,6.8,6.2,11.5,187.4,80.4,44.0,5.7,5.1,8.3,1.0,1.0,2.87,277.0,5050.0,1021.0,4.9,44.0,20.0,286.0,350.0,592.0,19.0,24.0,5.4,4.2,78.0,25.0,25.1,20.5,124.14,350.0,592.0,59.1,3423.0,19.0,3.2,24.0,4.1,6.3,5.1,10.6,213.9,71.3,41.0,5.4,4.3,6.5,72.01
16,Detroit Lions,2012,372.0,6540.0,1160.0,5.6,33.0,16.0,382.0,445.0,740.0,22.0,17.0,6.4,4.1,103.0,26.0,36.0,15.2,40.5,445.0,740.0,60.1,4927.0,22.0,3.0,17.0,2.3,57,6.9,6.5,11.5,307.9,81.5,29.0,6.4,6.0,3.8,3.0,3.0,77.79,437.0,5458.0,998.0,5.5,17.0,6.0,305.0,346.0,544.0,26.0,11.0,6.2,4.5,93.0,31.0,36.8,8.4,-78.91,346.0,544.0,63.6,3569.0,26.0,4.8,11.0,2.0,7.0,7.0,11.0,223.1,91.7,34.0,6.2,6.2,5.9,-90.21
17,Indianapolis Colts,2012,357.0,5799.0,1109.0,5.2,27.0,9.0,360.0,339.0,628.0,23.0,18.0,6.2,3.8,94.0,42.0,33.3,13.9,70.29,339.0,628.0,54.0,4128.0,23.0,3.7,18.0,2.9,70,7.0,6.4,12.9,258.0,76.4,41.0,6.2,5.6,6.1,4.0,7.0,64.2,387.0,5988.0,995.0,6.0,15.0,3.0,325.0,334.0,535.0,23.0,12.0,6.7,5.1,128.0,33.0,38.3,8.3,-111.63,334.0,535.0,62.4,3788.0,23.0,4.3,12.0,2.2,7.4,7.3,11.9,236.8,90.1,32.0,6.7,6.5,5.6,-115.08
18,Carolina Panthers,2012,357.0,5771.0,988.0,5.8,22.0,10.0,328.0,284.0,490.0,19.0,12.0,7.0,4.5,98.0,34.0,32.6,10.3,96.36,284.0,490.0,58.0,3683.0,19.0,3.9,12.0,2.4,82,8.0,7.7,13.8,230.2,86.5,36.0,7.0,6.7,6.8,1.0,1.0,86.83,363.0,5329.0,1010.0,5.3,23.0,12.0,326.0,371.0,555.0,22.0,11.0,6.0,4.2,86.0,32.0,38.6,11.9,-38.02,371.0,555.0,66.8,3568.0,22.0,4.0,11.0,2.0,6.9,6.8,10.4,223.0,91.7,39.0,6.0,5.9,6.6,-53.88
19,San Diego Chargers,2012,350.0,4756.0,988.0,4.8,26.0,11.0,293.0,338.0,528.0,26.0,15.0,5.7,3.6,103.0,28.0,30.6,13.9,-37.96,338.0,528.0,64.0,3295.0,26.0,4.9,15.0,2.8,80,6.8,6.5,10.7,205.9,88.5,49.0,5.7,5.4,8.5,0.0,0.0,20.85,350.0,5223.0,1012.0,5.2,28.0,14.0,316.0,347.0,568.0,28.0,14.0,6.1,3.8,102.0,30.0,31.3,13.7,7.02,347.0,568.0,61.1,3681.0,28.0,4.9,14.0,2.5,6.9,6.8,11.3,230.1,87.9,38.0,6.1,6.0,6.3,-53.69
20,Buffalo Bills,2012,344.0,5486.0,983.0,5.6,34.0,17.0,301.0,309.0,511.0,24.0,17.0,6.0,5.0,104.0,22.0,30.0,17.4,-3.15,309.0,511.0,60.5,3269.0,24.0,4.7,17.0,3.3,68,6.7,6.2,11.1,204.3,82.2,30.0,6.0,5.5,5.5,0.0,1.0,20.72,435.0,5806.0,1042.0,5.6,21.0,9.0,349.0,306.0,536.0,25.0,12.0,6.1,5.0,80.0,31.0,37.1,10.8,-101.64,306.0,536.0,57.1,3473.0,25.0,4.7,12.0,2.2,6.8,6.8,12.0,217.1,84.4,36.0,6.1,6.0,6.3,-48.63
21,Pittsburgh Steelers,2012,336.0,5324.0,1023.0,5.2,30.0,16.0,307.0,354.0,574.0,27.0,14.0,6.2,3.7,92.0,25.0,33.9,15.6,1.4,354.0,574.0,61.7,3787.0,27.0,4.7,14.0,2.4,82,7.0,6.8,11.3,236.7,88.1,37.0,6.2,6.1,6.1,3.0,4.0,65.43,314.0,4413.0,951.0,4.6,20.0,10.0,273.0,299.0,523.0,19.0,10.0,5.3,3.7,100.0,26.0,30.8,10.4,37.01,299.0,523.0,57.2,2963.0,19.0,3.6,10.0,1.9,6.0,5.9,10.6,185.2,79.0,37.0,5.3,5.2,6.6,-12.79
22,Tennessee Titans,2012,330.0,5010.0,957.0,5.2,28.0,12.0,260.0,318.0,540.0,17.0,16.0,5.7,4.5,106.0,24.0,27.7,14.9,-70.69,318.0,540.0,58.9,3323.0,17.0,3.1,16.0,3.0,71,6.6,5.9,11.2,207.7,76.9,39.0,5.7,5.1,6.7,2.0,3.0,-34.38,471.0,5999.0,1086.0,5.5,24.0,5.0,358.0,374.0,564.0,31.0,19.0,6.6,4.2,86.0,26.0,39.8,12.6,-57.49,374.0,564.0,66.3,3964.0,31.0,5.5,19.0,3.4,7.5,7.0,11.2,247.8,92.7,39.0,6.6,6.2,6.5,-61.42
23,Cleveland Browns,2012,302.0,5028.0,998.0,5.0,26.0,8.0,279.0,328.0,566.0,16.0,18.0,5.7,4.0,113.0,23.0,29.8,12.0,-63.47,328.0,566.0,58.0,3435.0,16.0,2.8,18.0,3.2,71,6.5,5.6,11.2,214.7,73.5,36.0,5.7,4.9,6.0,1.0,1.0,-33.56,368.0,5821.0,1095.0,5.3,29.0,12.0,345.0,378.0,600.0,27.0,17.0,6.1,4.2,120.0,38.0,30.7,14.6,-33.76,378.0,600.0,63.0,3923.0,27.0,4.5,17.0,2.8,6.9,6.6,11.0,245.2,86.6,38.0,6.1,5.8,6.0,-76.19
24,St. Louis Rams,2012,299.0,5264.0,1002.0,5.3,22.0,8.0,287.0,332.0,557.0,22.0,14.0,6.0,4.2,130.0,19.0,27.5,11.0,-27.88,332.0,557.0,59.6,3550.0,22.0,3.9,14.0,2.5,80,6.8,6.5,11.4,221.9,82.7,35.0,6.0,5.7,5.9,4.0,3.0,19.1,348.0,5482.0,1041.0,5.3,21.0,4.0,327.0,362.0,547.0,16.0,17.0,6.0,4.3,90.0,23.0,34.6,10.8,-1.27,362.0,547.0,66.2,3602.0,16.0,2.9,17.0,3.1,7.2,6.4,10.8,225.1,83.9,52.0,6.0,5.3,8.7,-10.28
25,Oakland Raiders,2012,290.0,5504.0,1032.0,5.3,26.0,10.0,300.0,376.0,629.0,24.0,16.0,6.2,3.8,108.0,28.0,31.4,12.8,-40.18,376.0,629.0,59.8,4084.0,24.0,3.8,16.0,2.5,64,6.8,6.4,11.4,255.3,82.4,27.0,6.2,5.9,4.1,2.0,2.0,33.99,443.0,5672.0,995.0,5.7,19.0,8.0,304.0,347.0,526.0,28.0,11.0,6.9,4.3,101.0,29.0,41.2,9.1,-98.96,347.0,526.0,66.0,3775.0,28.0,5.3,11.0,2.1,7.5,7.7,11.4,235.9,97.5,25.0,6.9,7.0,4.5,-108.43
26,Miami Dolphins,2012,288.0,4984.0,981.0,5.1,26.0,13.0,288.0,293.0,504.0,13.0,13.0,5.9,4.1,82.0,37.0,27.4,12.9,-38.78,293.0,504.0,58.1,3182.0,13.0,2.6,13.0,2.6,80,6.8,6.2,11.7,198.9,76.7,37.0,5.9,5.3,6.8,1.0,1.0,2.0,317.0,5708.0,1073.0,5.3,16.0,6.0,320.0,353.0,600.0,18.0,10.0,6.2,4.0,121.0,26.0,32.2,8.2,-21.88,353.0,600.0,58.8,3974.0,18.0,3.0,10.0,1.7,7.0,6.9,11.9,248.4,83.4,42.0,6.2,6.0,6.5,-63.71
27,New York Jets,2012,281.0,4787.0,1034.0,4.6,37.0,18.0,299.0,272.0,493.0,14.0,19.0,5.4,3.8,83.0,35.0,24.2,17.5,-93.73,272.0,493.0,55.2,2891.0,14.0,2.8,19.0,3.9,66,6.4,5.3,11.7,180.7,68.3,47.0,5.4,4.3,8.7,2.0,2.0,-65.56,375.0,5174.0,1019.0,5.1,23.0,12.0,293.0,266.0,494.0,20.0,11.0,5.8,4.3,109.0,36.0,30.6,11.4,8.59,266.0,494.0,53.8,3036.0,20.0,4.0,11.0,2.2,6.5,6.3,12.1,189.8,78.2,30.0,5.8,5.6,5.7,-26.39
28,Philadelphia Eagles,2012,280.0,5665.0,1079.0,5.3,37.0,22.0,332.0,367.0,618.0,18.0,15.0,5.7,4.5,98.0,31.0,29.9,17.9,-50.97,367.0,618.0,59.4,3791.0,18.0,2.9,15.0,2.4,77,6.6,6.1,11.1,236.9,78.6,48.0,5.7,5.2,7.2,4.0,4.0,-0.36,444.0,5491.0,994.0,5.5,13.0,5.0,317.0,292.0,485.0,33.0,8.0,6.7,4.2,118.0,31.0,39.0,6.6,-87.34,292.0,485.0,60.2,3470.0,33.0,6.8,8.0,1.6,7.6,8.2,12.6,216.9,99.6,30.0,6.7,7.3,5.8,-122.32
29,Jacksonville Jaguars,2012,255.0,4788.0,994.0,4.8,26.0,9.0,269.0,328.0,586.0,20.0,17.0,5.4,3.8,101.0,36.0,25.5,12.8,-121.17,328.0,586.0,56.0,3419.0,20.0,3.4,17.0,2.9,81,6.4,5.8,11.4,213.7,74.7,50.0,5.4,4.8,7.9,1.0,1.0,-79.92,444.0,6088.0,1100.0,5.5,23.0,11.0,364.0,341.0,535.0,21.0,12.0,6.9,4.1,101.0,37.0,39.8,11.0,-117.47,341.0,535.0,63.7,3832.0,21.0,3.9,12.0,2.2,7.4,7.2,11.6,239.5,89.8,20.0,6.9,6.7,3.6,-112.85
30,Arizona Cardinals,2012,250.0,4209.0,1018.0,4.1,34.0,13.0,246.0,337.0,608.0,11.0,21.0,4.5,3.4,102.0,20.0,22.0,14.8,-230.4,337.0,608.0,55.4,3005.0,11.0,1.8,21.0,3.5,53,5.6,4.4,10.0,187.8,63.1,58.0,4.5,3.4,8.7,3.0,3.0,-155.0,357.0,5405.0,1041.0,5.2,33.0,11.0,288.0,270.0,497.0,20.0,22.0,6.0,4.3,100.0,21.0,27.0,14.2,73.31,270.0,497.0,54.3,3213.0,20.0,4.0,22.0,4.4,6.9,5.7,12.7,200.8,71.2,38.0,6.0,4.9,7.1,26.65
31,Kansas City Chiefs,2012,211.0,5108.0,1015.0,5.0,37.0,17.0,286.0,273.0,475.0,8.0,20.0,5.3,4.8,92.0,24.0,24.2,18.8,-119.35,273.0,475.0,57.5,2713.0,8.0,1.7,20.0,4.2,57,6.2,4.6,10.8,169.6,63.8,40.0,5.3,3.8,7.8,1.0,1.0,-95.42,425.0,5704.0,973.0,5.9,13.0,6.0,301.0,279.0,464.0,29.0,7.0,7.2,4.5,81.0,19.0,40.4,6.2,-112.39,279.0,464.0,60.1,3533.0,29.0,6.3,7.0,1.5,8.0,8.5,13.2,220.8,99.9,27.0,7.2,7.7,5.5,-135.65
33,Denver Broncos,2013,606.0,7317.0,1156.0,6.3,26.0,16.0,435.0,461.0,675.0,55.0,10.0,7.8,4.1,117.0,35.0,47.5,10.4,274.57,461.0,675.0,68.3,5444.0,55.0,8.1,10.0,1.5,78,8.3,9.2,12.1,340.3,114.4,20.0,7.8,8.8,2.9,2.0,2.0,291.3,399.0,5696.0,1074.0,5.3,26.0,9.0,339.0,357.0,613.0,29.0,17.0,6.2,3.9,97.0,41.0,32.5,12.6,-37.26,357.0,613.0,58.2,4070.0,29.0,4.7,17.0,2.8,7.1,6.8,12.2,254.4,84.5,41.0,6.2,5.9,6.3,-99.8
34,Chicago Bears,2013,445.0,6109.0,1013.0,6.0,23.0,10.0,344.0,373.0,579.0,32.0,13.0,7.0,4.5,85.0,27.0,39.0,12.1,90.79,373.0,579.0,64.4,4281.0,32.0,5.5,13.0,2.2,80,7.7,7.8,11.9,267.6,96.9,30.0,7.0,7.1,4.9,4.0,4.0,101.74,478.0,6313.0,1021.0,6.2,28.0,9.0,353.0,315.0,507.0,25.0,19.0,6.9,5.3,69.0,22.0,42.7,15.2,-111.23,315.0,507.0,62.1,3730.0,25.0,4.9,19.0,3.7,7.7,7.0,12.4,233.1,86.9,31.0,6.9,6.3,5.8,-48.62
35,New England Patriots,2013,444.0,6152.0,1138.0,5.4,20.0,9.0,378.0,380.0,628.0,25.0,11.0,6.1,4.4,69.0,43.0,40.8,10.0,103.33,380.0,628.0,60.5,4087.0,25.0,4.0,11.0,1.8,81,6.9,6.9,11.4,255.4,87.3,40.0,6.1,6.1,6.0,5.0,5.0,124.17,338.0,5969.0,1118.0,5.3,29.0,12.0,338.0,336.0,589.0,25.0,17.0,6.0,4.5,110.0,20.0,29.6,13.3,-19.08,336.0,589.0,57.0,3824.0,25.0,4.2,17.0,2.9,7.0,6.6,12.3,239.0,81.0,48.0,6.0,5.6,7.5,-28.61
36,Philadelphia Eagles,2013,442.0,6676.0,1054.0,6.3,19.0,10.0,355.0,310.0,508.0,32.0,9.0,7.4,5.1,95.0,25.0,36.8,9.0,135.7,310.0,508.0,61.0,4110.0,32.0,6.3,9.0,1.8,70,8.7,9.1,14.2,256.9,102.7,46.0,7.4,7.8,8.3,1.0,1.0,117.53,382.0,6304.0,1150.0,5.5,31.0,12.0,368.0,408.0,670.0,25.0,19.0,6.6,3.8,106.0,29.0,32.7,15.3,-19.45,408.0,670.0,60.9,4636.0,25.0,3.7,19.0,2.8,7.3,6.8,12.0,289.8,84.0,37.0,6.6,6.1,5.2,-83.56
37,Dallas Cowboys,2013,439.0,5458.0,957.0,5.7,20.0,8.0,325.0,375.0,586.0,33.0,12.0,6.4,4.5,102.0,32.0,39.9,9.8,79.41,375.0,586.0,64.0,3954.0,33.0,5.6,12.0,2.0,82,7.2,7.4,11.3,247.1,95.7,35.0,6.4,6.6,5.6,2.0,4.0,77.73,432.0,6645.0,1094.0,6.1,28.0,13.0,388.0,403.0,623.0,33.0,15.0,7.0,4.7,112.0,35.0,39.7,13.8,-113.29,403.0,623.0,64.7,4589.0,33.0,5.3,15.0,2.4,7.8,7.7,12.0,286.8,96.0,34.0,7.0,7.0,5.2,-101.42
38,Cincinnati Bengals,2013,430.0,5891.0,1097.0,5.4,30.0,10.0,330.0,364.0,587.0,33.0,20.0,6.7,3.6,102.0,24.0,32.3,14.9,12.59,364.0,587.0,62.0,4136.0,33.0,5.6,20.0,3.4,82,7.4,6.9,11.9,258.5,89.0,29.0,6.7,6.3,4.7,0.0,3.0,64.92,305.0,4888.0,1042.0,4.7,31.0,11.0,282.0,362.0,614.0,22.0,20.0,5.1,4.0,69.0,32.0,27.4,15.2,92.93,362.0,614.0,59.0,3344.0,22.0,3.6,20.0,3.3,5.9,5.2,10.0,209.0,74.2,43.0,5.1,4.4,6.5,52.31
39,Kansas City Chiefs,2013,430.0,5396.0,1029.0,5.2,18.0,10.0,323.0,333.0,546.0,24.0,8.0,5.7,4.7,101.0,34.0,32.0,9.1,34.02,333.0,546.0,61.0,3340.0,24.0,4.4,8.0,1.5,71,6.5,6.7,10.7,208.8,88.6,41.0,5.7,5.9,7.0,1.0,1.0,53.99,305.0,5885.0,1067.0,5.5,36.0,15.0,303.0,334.0,592.0,25.0,21.0,6.2,4.5,112.0,26.0,27.5,15.7,35.7,334.0,592.0,56.4,3962.0,25.0,4.2,21.0,3.5,7.2,6.5,12.8,247.6,78.5,47.0,6.2,5.5,7.4,-0.96
40,Green Bay Packers,2013,417.0,6404.0,1074.0,6.0,25.0,9.0,351.0,366.0,570.0,25.0,16.0,6.9,4.7,86.0,31.0,40.9,12.4,101.32,366.0,570.0,64.2,4268.0,25.0,4.4,16.0,2.8,83,8.0,7.6,12.4,266.8,91.7,45.0,6.9,6.6,7.3,4.0,3.0,95.35,428.0,5956.0,1015.0,5.9,22.0,11.0,330.0,332.0,539.0,30.0,11.0,6.8,4.6,99.0,24.0,38.9,12.2,-111.62,332.0,539.0,61.6,3956.0,30.0,5.6,11.0,2.0,7.8,8.0,12.6,247.3,95.9,44.0,6.8,7.0,7.5,-100.8
41,Seattle Seahawks,2013,417.0,5424.0,973.0,5.6,19.0,10.0,307.0,267.0,420.0,27.0,9.0,7.0,4.3,128.0,31.0,40.7,9.3,50.15,267.0,420.0,63.6,3236.0,27.0,6.4,9.0,2.1,80,8.4,8.7,13.1,202.3,102.4,44.0,7.0,7.3,9.5,4.0,5.0,111.62,231.0,4378.0,990.0,4.4,39.0,11.0,282.0,309.0,524.0,16.0,28.0,4.8,3.9,98.0,43.0,24.7,19.4,149.91,309.0,524.0,59.0,2752.0,16.0,3.1,28.0,5.3,5.8,4.0,9.9,172.0,63.4,44.0,4.8,3.2,7.7,102.85
42,New Orleans Saints,2013,414.0,6391.0,1079.0,5.9,19.0,7.0,359.0,446.0,651.0,39.0,12.0,7.1,3.8,95.0,28.0,40.3,8.3,152.24,446.0,651.0,68.5,4918.0,39.0,6.0,12.0,1.8,76,7.9,8.3,11.6,307.4,104.5,37.0,7.1,7.5,5.4,3.0,3.0,177.27,304.0,4891.0,943.0,5.2,19.0,7.0,274.0,304.0,507.0,20.0,12.0,5.6,4.6,91.0,24.0,30.4,10.5,4.34,304.0,507.0,60.0,3105.0,20.0,3.9,12.0,2.4,6.8,6.5,11.3,194.1,83.6,49.0,5.6,5.3,8.8,4.41
43,San Francisco 49ers,2013,406.0,5180.0,961.0,5.4,18.0,10.0,286.0,244.0,417.0,21.0,8.0,6.5,4.4,103.0,23.0,37.8,9.0,47.52,244.0,417.0,58.5,2979.0,21.0,5.0,8.0,1.9,64,7.7,7.8,13.2,186.2,91.7,39.0,6.5,6.7,8.6,3.0,4.0,85.58,272.0,5071.0,1020.0,5.0,30.0,12.0,284.0,345.0,585.0,19.0,18.0,5.7,3.9,96.0,26.0,26.2,13.1,72.63,345.0,585.0,59.0,3536.0,19.0,3.2,18.0,3.1,6.5,5.8,11.1,221.0,76.4,38.0,5.7,5.0,6.1,0.22
44,San Diego Chargers,2013,396.0,6293.0,1060.0,5.9,21.0,10.0,373.0,378.0,544.0,32.0,11.0,7.5,4.0,95.0,39.0,44.9,11.4,178.64,378.0,544.0,69.5,4328.0,32.0,5.9,11.0,2.0,60,8.2,8.5,11.8,270.5,105.5,30.0,7.5,7.8,5.2,4.0,4.0,203.42,348.0,5864.0,959.0,6.1,17.0,6.0,327.0,364.0,548.0,23.0,11.0,7.1,4.6,100.0,21.0,36.1,9.6,-113.64,364.0,548.0,66.4,4139.0,23.0,4.2,11.0,2.0,8.0,7.9,12.1,258.7,96.4,35.0,7.1,7.0,6.0,-81.33
45,Detroit Lions,2013,395.0,6274.0,1102.0,5.7,34.0,15.0,350.0,371.0,634.0,29.0,19.0,6.8,4.0,110.0,23.0,32.1,17.3,28.58,371.0,634.0,58.5,4482.0,29.0,4.6,19.0,3.0,87,7.3,6.9,12.5,280.1,84.2,23.0,6.8,6.4,3.5,2.0,3.0,76.44,376.0,5546.0,982.0,5.6,22.0,7.0,290.0,338.0,572.0,24.0,15.0,6.5,4.2,87.0,31.0,35.7,11.1,-12.27,338.0,572.0,59.1,3950.0,24.0,4.2,15.0,2.6,7.3,7.0,12.4,246.9,85.0,33.0,6.5,6.2,5.5,-84.19
46,Minnesota Vikings,2013,391.0,5508.0,1013.0,5.4,32.0,13.0,309.0,325.0,546.0,18.0,19.0,5.8,4.9,70.0,30.0,34.4,14.9,14.24,325.0,546.0,59.5,3427.0,18.0,3.3,19.0,3.5,79,6.7,5.8,11.2,214.2,76.0,44.0,5.8,5.0,7.5,3.0,2.0,-4.7,480.0,6362.0,1132.0,5.6,20.0,8.0,368.0,419.0,648.0,37.0,12.0,6.7,4.0,100.0,20.0,39.6,9.1,-125.25,419.0,648.0,64.7,4595.0,37.0,5.7,12.0,1.9,7.5,7.8,11.6,287.2,98.6,41.0,6.7,7.0,6.0,-140.4
47,Indianapolis Colts,2013,391.0,5468.0,1023.0,5.3,14.0,4.0,318.0,350.0,582.0,23.0,10.0,6.1,4.3,66.0,39.0,38.8,6.9,87.1,350.0,582.0,60.1,3725.0,23.0,4.0,10.0,1.7,73,6.8,6.8,11.3,232.8,86.5,32.0,6.1,6.1,5.2,4.0,4.0,80.97,336.0,5713.0,1026.0,5.6,27.0,12.0,319.0,324.0,536.0,21.0,15.0,6.4,4.5,112.0,27.0,31.7,13.7,-75.62,324.0,536.0,60.4,3711.0,21.0,3.9,15.0,2.8,7.4,6.9,12.2,231.9,84.6,42.0,6.4,6.0,7.3,-80.57
48,Pittsburgh Steelers,2013,379.0,5400.0,1023.0,5.3,24.0,10.0,312.0,377.0,586.0,28.0,14.0,6.4,3.5,80.0,24.0,35.4,12.7,12.94,377.0,586.0,64.3,4017.0,28.0,4.8,14.0,2.4,67,7.3,7.2,11.4,251.1,92.3,43.0,6.4,6.3,6.8,1.0,3.0,68.54,370.0,5395.0,1036.0,5.2,20.0,10.0,303.0,329.0,569.0,21.0,10.0,5.9,4.3,92.0,23.0,35.3,10.5,12.67,329.0,569.0,57.8,3546.0,21.0,3.7,10.0,1.8,6.6,6.5,11.4,221.6,82.7,34.0,5.9,5.8,5.6,-16.16
49,Arizona Cardinals,2013,379.0,5542.0,1037.0,5.3,31.0,9.0,329.0,363.0,574.0,24.0,22.0,6.5,3.6,96.0,40.0,33.0,15.5,-11.6,363.0,574.0,63.2,4002.0,24.0,4.2,22.0,3.8,91,7.5,6.6,11.8,250.1,83.9,41.0,6.5,5.7,6.7,3.0,4.0,48.42,324.0,5079.0,1042.0,4.9,30.0,10.0,309.0,367.0,625.0,29.0,20.0,5.5,3.7,111.0,33.0,28.9,13.7,77.66,367.0,625.0,58.7,3728.0,29.0,4.6,20.0,3.2,6.5,6.0,11.1,233.0,80.2,47.0,5.5,5.1,7.0,13.96
50,Carolina Panthers,2013,366.0,5069.0,999.0,5.1,19.0,6.0,319.0,292.0,473.0,24.0,13.0,5.9,4.2,80.0,28.0,36.5,9.4,70.12,292.0,473.0,61.7,3043.0,24.0,5.1,13.0,2.7,79,7.1,6.9,11.6,190.2,88.8,43.0,5.9,5.7,8.3,4.0,4.0,54.85,241.0,4820.0,975.0,4.9,30.0,10.0,278.0,375.0,563.0,17.0,20.0,5.5,4.0,84.0,30.0,28.7,16.3,72.19,375.0,563.0,66.6,3429.0,17.0,3.0,20.0,3.6,6.8,5.8,10.3,214.3,81.4,60.0,5.5,4.6,9.6,15.71
51,Tennessee Titans,2013,362.0,5390.0,1032.0,5.2,25.0,9.0,311.0,328.0,533.0,22.0,16.0,6.1,4.1,101.0,36.0,34.2,11.4,34.0,328.0,533.0,61.5,3496.0,22.0,4.1,16.0,3.0,77,7.0,6.4,11.3,218.5,83.6,37.0,6.1,5.6,6.5,3.0,4.0,55.4,381.0,5407.0,1027.0,5.3,25.0,12.0,329.0,344.0,545.0,15.0,13.0,6.2,4.0,95.0,30.0,35.8,13.2,-19.97,344.0,545.0,63.1,3612.0,15.0,2.8,13.0,2.4,7.0,6.5,11.2,225.8,83.3,36.0,6.2,5.7,6.2,-50.08
52,Atlanta Falcons,2013,353.0,5490.0,1024.0,5.4,28.0,11.0,330.0,445.0,659.0,26.0,17.0,6.0,3.9,91.0,39.0,34.1,14.5,44.8,445.0,659.0,67.5,4243.0,26.0,3.9,17.0,2.6,81,6.9,6.5,10.2,265.2,89.5,44.0,6.0,5.7,6.3,1.0,1.0,81.36,443.0,6070.0,1003.0,6.1,21.0,11.0,326.0,341.0,516.0,31.0,10.0,7.1,4.8,104.0,28.0,45.1,11.4,-123.26,341.0,516.0,66.1,3897.0,31.0,6.0,10.0,1.9,8.0,8.3,12.1,243.6,102.4,32.0,7.1,7.4,5.8,-116.45
53,St. Louis Rams,2013,348.0,4877.0,968.0,5.0,21.0,10.0,282.0,301.0,506.0,22.0,11.0,5.8,4.1,123.0,35.0,31.5,11.4,-36.37,301.0,506.0,59.5,3125.0,22.0,4.3,11.0,2.2,81,6.6,6.5,11.2,195.3,84.8,36.0,5.8,5.7,6.6,1.0,1.0,7.71,364.0,5520.0,1014.0,5.4,29.0,15.0,337.0,355.0,521.0,21.0,14.0,6.7,3.7,105.0,47.0,31.0,14.7,-34.0,355.0,521.0,68.1,3874.0,21.0,4.0,14.0,2.7,8.1,7.7,11.8,242.1,94.7,53.0,6.7,6.4,9.2,-80.88
54,Buffalo Bills,2013,339.0,5410.0,1116.0,4.8,27.0,12.0,301.0,299.0,522.0,16.0,15.0,5.4,4.2,110.0,39.0,29.9,12.1,-76.54,299.0,522.0,57.3,3103.0,16.0,3.1,15.0,2.9,59,6.5,5.8,11.3,193.9,75.0,48.0,5.4,4.8,8.4,2.0,3.0,-54.97,388.0,5334.0,1089.0,4.9,30.0,7.0,308.0,310.0,561.0,28.0,23.0,5.3,4.4,108.0,40.0,32.2,14.0,68.83,310.0,561.0,55.3,3271.0,28.0,5.0,23.0,4.1,6.5,5.7,11.8,204.4,74.9,57.0,5.3,4.5,9.2,32.74
55,Washington Redskins,2013,334.0,5915.0,1107.0,5.3,34.0,15.0,329.0,355.0,611.0,20.0,19.0,5.7,4.8,99.0,19.0,27.6,16.6,-43.76,355.0,611.0,58.1,3751.0,20.0,3.3,19.0,3.1,62,6.6,5.9,11.4,234.4,76.1,43.0,5.7,5.0,6.6,1.0,2.0,-27.01,478.0,5665.0,993.0,5.7,26.0,10.0,329.0,337.0,514.0,29.0,16.0,7.1,4.0,83.0,23.0,36.7,13.1,-51.25,337.0,514.0,65.6,3896.0,29.0,5.6,16.0,3.1,8.0,7.8,12.3,243.5,96.1,36.0,7.1,6.8,6.5,-75.42
56,Oakland Raiders,2013,322.0,5340.0,1000.0,5.3,31.0,11.0,275.0,298.0,519.0,17.0,20.0,5.9,4.6,116.0,17.0,27.8,14.9,-57.85,298.0,519.0,57.4,3340.0,17.0,3.3,20.0,3.9,73,7.0,5.9,12.2,208.8,73.9,44.0,5.9,4.9,7.8,0.0,0.0,-33.55,453.0,5819.0,1029.0,5.7,22.0,13.0,330.0,374.0,549.0,33.0,9.0,7.0,3.9,87.0,28.0,38.6,9.5,-94.75,374.0,549.0,68.1,4092.0,33.0,6.0,9.0,1.6,7.9,8.4,11.6,255.8,105.1,38.0,7.0,7.4,6.5,-132.53
57,Baltimore Ravens,2013,320.0,4918.0,1090.0,4.5,29.0,6.0,295.0,363.0,619.0,19.0,23.0,5.4,3.1,112.0,38.0,30.9,13.5,-96.59,363.0,619.0,58.6,3590.0,19.0,3.1,23.0,3.7,74,6.3,5.3,10.8,224.4,72.0,48.0,5.4,4.4,7.2,2.0,4.0,-4.61,352.0,5368.0,1032.0,5.2,24.0,8.0,284.0,314.0,552.0,25.0,16.0,6.2,3.8,126.0,29.0,31.4,10.3,28.23,314.0,552.0,56.9,3681.0,25.0,4.5,16.0,2.9,7.1,6.7,12.5,230.1,82.2,40.0,6.2,5.8,6.8,-33.77
58,Miami Dolphins,2013,317.0,5007.0,1001.0,5.0,26.0,7.0,278.0,357.0,594.0,24.0,19.0,5.5,4.1,70.0,12.0,29.9,13.4,-41.2,357.0,594.0,60.1,3567.0,24.0,4.0,19.0,3.2,67,6.7,6.0,11.1,222.9,80.1,58.0,5.5,4.9,8.9,4.0,3.0,1.12,335.0,5750.0,1106.0,5.2,24.0,6.0,327.0,344.0,580.0,17.0,18.0,6.0,4.1,95.0,21.0,33.5,11.9,-4.44,344.0,580.0,59.3,3752.0,17.0,2.9,18.0,3.1,6.9,6.1,11.7,234.5,77.3,42.0,6.0,5.3,6.8,-18.47
59,Cleveland Browns,2013,308.0,5423.0,1078.0,5.0,29.0,9.0,301.0,379.0,681.0,26.0,20.0,5.5,4.0,104.0,24.0,26.2,13.8,-74.76,379.0,681.0,55.7,4040.0,26.0,3.8,20.0,2.9,95,6.4,5.9,11.5,252.5,75.7,49.0,5.5,5.0,6.7,1.0,2.0,-52.64,406.0,5319.0,1107.0,4.8,21.0,7.0,328.0,363.0,605.0,29.0,14.0,5.5,3.9,95.0,28.0,34.0,9.9,-8.9,363.0,605.0,60.0,3538.0,29.0,4.8,14.0,2.3,6.2,6.1,10.3,221.1,84.1,40.0,5.5,5.4,6.2,-34.05
60,New York Giants,2013,294.0,4920.0,988.0,5.0,44.0,15.0,280.0,325.0,567.0,18.0,29.0,5.9,3.5,91.0,27.0,25.5,20.1,-127.73,325.0,567.0,57.3,3588.0,18.0,3.2,29.0,5.1,70,6.8,5.2,11.9,224.3,67.6,40.0,5.9,4.4,6.6,1.0,2.0,-38.6,383.0,5316.0,1089.0,4.9,29.0,12.0,327.0,361.0,601.0,21.0,17.0,5.6,3.8,105.0,28.0,31.0,13.0,63.34,361.0,601.0,60.1,3573.0,21.0,3.5,17.0,2.8,6.3,5.7,10.5,223.3,78.3,34.0,5.6,5.1,5.4,10.55
61,New York Jets,2013,290.0,5090.0,1020.0,5.0,29.0,7.0,280.0,266.0,480.0,13.0,22.0,5.6,4.4,108.0,21.0,29.6,14.8,-100.47,266.0,480.0,55.4,2932.0,13.0,2.7,22.0,4.6,69,6.8,5.3,12.3,183.3,66.6,47.0,5.6,4.2,8.9,2.0,5.0,-68.88,387.0,5359.0,1048.0,5.1,15.0,2.0,293.0,345.0,586.0,26.0,13.0,6.3,3.4,92.0,27.0,35.4,7.3,-11.08,345.0,586.0,58.9,3947.0,26.0,4.4,13.0,2.2,7.1,7.0,12.1,246.7,86.5,41.0,6.3,6.2,6.5,-80.2
62,Tampa Bay Buccaneers,2013,288.0,4432.0,981.0,4.5,21.0,9.0,269.0,291.0,514.0,22.0,12.0,5.0,3.8,121.0,37.0,27.1,9.6,-76.79,291.0,514.0,56.6,2820.0,22.0,4.3,12.0,2.3,85,6.2,6.0,10.9,176.3,79.6,47.0,5.0,4.8,8.4,2.0,2.0,-18.49,389.0,5568.0,1020.0,5.5,31.0,10.0,324.0,352.0,547.0,30.0,21.0,6.5,4.0,105.0,39.0,38.0,15.0,-32.43,352.0,547.0,64.4,3806.0,30.0,5.5,21.0,3.8,7.4,6.8,11.5,237.9,88.9,35.0,6.5,5.9,6.0,-75.41
63,Houston Texans,2013,276.0,5556.0,1089.0,5.1,31.0,9.0,307.0,371.0,633.0,19.0,22.0,5.6,4.2,112.0,19.0,25.9,14.9,-90.62,371.0,633.0,58.6,3813.0,19.0,3.0,22.0,3.5,66,6.6,5.6,11.3,238.3,74.0,42.0,5.6,4.7,6.2,2.0,2.0,-65.73,428.0,5081.0,970.0,5.2,11.0,4.0,282.0,287.0,484.0,29.0,7.0,6.1,4.3,103.0,36.0,36.1,5.7,-40.35,287.0,484.0,59.3,3123.0,29.0,6.0,7.0,1.4,6.8,7.4,11.5,195.2,93.9,32.0,6.1,6.6,6.2,-96.39
64,Jacksonville Jaguars,2013,247.0,4701.0,1020.0,4.6,27.0,6.0,271.0,349.0,592.0,16.0,21.0,5.4,3.3,96.0,24.0,23.6,13.8,-151.69,349.0,592.0,59.0,3441.0,16.0,2.7,21.0,3.5,67,6.3,5.3,10.7,215.1,71.8,50.0,5.4,4.4,7.8,1.0,1.0,-77.39,449.0,6070.0,1089.0,5.6,21.0,10.0,353.0,354.0,551.0,29.0,11.0,6.8,4.2,87.0,32.0,38.1,10.7,-85.38,354.0,551.0,64.2,3962.0,29.0,5.3,11.0,2.0,7.6,7.8,11.8,247.6,96.5,31.0,6.8,7.0,5.3,-105.54
66,Green Bay Packers,2014,486.0,6178.0,1001.0,6.2,13.0,7.0,356.0,349.0,536.0,38.0,6.0,7.5,4.4,92.0,30.0,46.7,7.1,195.16,349.0,536.0,65.1,4261.0,38.0,7.1,6.0,1.1,80,8.3,9.2,12.7,266.3,109.9,30.0,7.5,8.4,5.3,2.0,2.0,231.61,348.0,5542.0,1054.0,5.3,27.0,9.0,339.0,333.0,564.0,26.0,18.0,6.0,4.3,104.0,27.0,33.1,14.9,-30.73,333.0,564.0,59.0,3623.0,26.0,4.6,18.0,3.2,6.9,6.4,11.7,226.4,82.0,41.0,6.0,5.5,6.8,-45.84
67,Denver Broncos,2014,482.0,6446.0,1067.0,6.0,20.0,5.0,360.0,399.0,607.0,40.0,15.0,7.5,4.0,120.0,35.0,39.9,9.6,130.29,399.0,607.0,65.7,4661.0,40.0,6.6,15.0,2.5,86,7.9,8.1,12.0,291.3,101.3,17.0,7.5,7.7,2.7,1.0,1.0,161.99,354.0,4883.0,1031.0,4.7,25.0,7.0,311.0,399.0,641.0,29.0,18.0,5.3,3.7,103.0,32.0,31.3,11.8,13.81,399.0,641.0,62.2,3607.0,29.0,4.5,18.0,2.8,6.0,5.7,9.7,225.4,82.4,41.0,5.3,5.0,6.0,-45.39
68,Philadelphia Eagles,2014,474.0,6348.0,1127.0,5.6,36.0,15.0,356.0,384.0,621.0,27.0,21.0,6.7,4.2,115.0,29.0,36.9,17.2,46.41,384.0,621.0,61.8,4356.0,27.0,4.3,21.0,3.4,72,7.4,6.7,11.9,272.3,84.8,32.0,6.7,6.1,4.9,2.0,3.0,89.05,400.0,6009.0,1113.0,5.4,28.0,16.0,338.0,345.0,591.0,30.0,12.0,6.6,3.7,121.0,39.0,31.1,12.7,-11.84,345.0,591.0,58.4,4238.0,30.0,5.1,12.0,2.0,7.8,7.9,13.3,264.9,91.6,49.0,6.6,6.7,7.7,-97.59
69,New England Patriots,2014,468.0,5848.0,1073.0,5.5,13.0,4.0,361.0,392.0,609.0,34.0,9.0,6.5,3.9,120.0,37.0,45.3,7.2,169.27,392.0,609.0,64.4,4121.0,34.0,5.6,9.0,1.5,69,7.0,7.5,10.9,257.6,97.5,26.0,6.5,6.9,4.1,4.0,4.0,190.36,313.0,5506.0,1033.0,5.3,25.0,9.0,329.0,342.0,574.0,24.0,16.0,6.2,4.0,92.0,45.0,32.4,13.2,-27.24,342.0,574.0,59.6,3837.0,24.0,4.2,16.0,2.8,7.2,6.8,12.0,239.8,84.0,40.0,6.2,5.9,6.5,-61.0
70,Dallas Cowboys,2014,467.0,6138.0,1014.0,6.1,25.0,14.0,342.0,328.0,476.0,37.0,11.0,7.5,4.6,105.0,31.0,43.6,12.8,172.14,328.0,476.0,68.9,3784.0,37.0,7.8,11.0,2.3,68,8.4,8.9,12.2,236.5,110.9,30.0,7.5,8.0,5.9,4.0,5.0,196.41,352.0,5681.0,978.0,5.8,31.0,13.0,315.0,371.0,558.0,22.0,18.0,6.9,4.2,104.0,34.0,31.3,16.8,-68.86,371.0,558.0,66.5,4031.0,22.0,3.9,18.0,3.2,7.5,6.8,11.3,251.9,88.5,28.0,6.9,6.2,4.8,-102.27
71,Indianapolis Colts,2014,458.0,6506.0,1105.0,5.9,31.0,15.0,371.0,410.0,661.0,42.0,16.0,7.1,3.9,105.0,40.0,39.5,14.6,86.38,410.0,661.0,62.0,4894.0,42.0,6.4,16.0,2.4,80,7.7,7.8,12.3,305.9,96.8,29.0,7.1,7.3,4.2,1.0,1.0,150.92,369.0,5483.0,1007.0,5.4,26.0,14.0,309.0,320.0,543.0,27.0,12.0,6.3,4.3,101.0,31.0,28.1,12.6,-9.6,320.0,543.0,58.9,3669.0,27.0,5.0,12.0,2.2,7.2,7.2,12.3,229.3,88.7,41.0,6.3,6.3,7.0,-18.88
72,Pittsburgh Steelers,2014,436.0,6577.0,1068.0,6.2,21.0,11.0,379.0,411.0,612.0,33.0,10.0,7.5,4.1,103.0,38.0,41.4,11.5,162.53,411.0,612.0,67.2,4825.0,33.0,5.4,10.0,1.6,94,8.2,8.5,12.2,301.6,103.2,33.0,7.5,7.8,5.1,2.0,3.0,189.59,368.0,5654.0,944.0,6.0,21.0,10.0,314.0,350.0,543.0,30.0,11.0,7.0,4.4,97.0,33.0,39.7,11.5,-80.8,350.0,543.0,64.5,4049.0,30.0,5.5,11.0,2.0,7.8,8.0,12.1,253.1,98.3,33.0,7.0,7.2,5.7,-113.35
73,Baltimore Ravens,2014,409.0,5838.0,1021.0,5.7,20.0,8.0,345.0,344.0,554.0,27.0,12.0,6.7,4.5,111.0,38.0,39.6,9.9,128.84,344.0,554.0,62.1,3819.0,27.0,4.9,12.0,2.2,80,7.2,7.2,11.6,238.7,91.0,19.0,6.7,6.7,3.3,2.0,2.0,153.58,302.0,5391.0,1034.0,5.2,22.0,11.0,311.0,382.0,595.0,22.0,11.0,6.2,3.6,110.0,31.0,33.3,11.7,-21.36,382.0,595.0,64.2,3979.0,22.0,3.7,11.0,1.8,7.3,7.2,11.4,248.7,90.6,49.0,6.2,6.1,7.6,-91.25
74,New Orleans Saints,2014,401.0,6582.0,1095.0,6.0,30.0,13.0,395.0,456.0,659.0,33.0,17.0,6.9,4.5,80.0,36.0,39.1,16.7,142.36,456.0,659.0,69.2,4764.0,33.0,5.0,17.0,2.6,69,7.5,7.4,10.9,297.8,97.0,30.0,6.9,6.8,4.4,2.0,2.0,143.71,424.0,6144.0,1022.0,6.0,17.0,5.0,345.0,341.0,546.0,26.0,12.0,6.9,4.8,105.0,29.0,43.3,9.9,-141.89,341.0,546.0,62.5,4019.0,26.0,4.8,12.0,2.2,7.7,7.7,12.3,251.2,92.9,34.0,6.9,6.9,5.9,-115.66
75,Seattle Seahawks,2014,394.0,6012.0,1021.0,5.9,14.0,7.0,328.0,287.0,454.0,20.0,7.0,6.6,5.3,130.0,24.0,40.6,6.9,135.41,287.0,454.0,63.2,3250.0,20.0,4.4,7.0,1.5,80,7.7,7.9,12.2,203.1,95.1,42.0,6.6,6.7,8.5,2.0,5.0,88.28,254.0,4274.0,924.0,4.6,24.0,11.0,277.0,313.0,507.0,17.0,13.0,5.5,3.4,70.0,32.0,26.9,12.3,50.43,313.0,507.0,61.7,2970.0,17.0,3.4,13.0,2.6,6.3,5.8,10.2,185.6,80.4,37.0,5.5,5.0,6.8,-20.84
76,Miami Dolphins,2014,388.0,5601.0,1040.0,5.4,23.0,11.0,361.0,394.0,595.0,27.0,12.0,5.8,4.7,81.0,36.0,37.6,10.5,68.79,394.0,595.0,66.2,3729.0,27.0,4.5,12.0,2.0,50,6.8,6.8,10.3,233.1,92.5,46.0,5.8,5.8,7.2,2.0,1.0,83.74,373.0,5494.0,1029.0,5.3,25.0,11.0,309.0,338.0,537.0,27.0,14.0,6.2,4.3,105.0,16.0,36.7,13.3,-20.09,338.0,537.0,62.9,3557.0,27.0,5.0,14.0,2.6,7.0,6.8,11.1,222.3,89.7,39.0,6.2,6.0,6.8,-48.03
77,Atlanta Falcons,2014,381.0,6051.0,1035.0,5.8,23.0,8.0,330.0,418.0,632.0,28.0,15.0,6.9,4.0,97.0,22.0,38.9,13.1,68.84,418.0,632.0,66.1,4553.0,28.0,4.4,15.0,2.4,79,7.5,7.3,11.4,284.6,93.4,31.0,6.9,6.7,4.7,3.0,3.0,105.81,417.0,6372.0,1038.0,6.1,28.0,12.0,358.0,359.0,566.0,20.0,16.0,7.6,4.2,91.0,26.0,42.6,14.2,-136.13,359.0,566.0,63.4,4478.0,20.0,3.5,16.0,2.8,8.2,7.6,12.9,279.9,88.9,22.0,7.6,7.1,3.7,-131.54
78,New York Giants,2014,380.0,5875.0,1086.0,5.4,28.0,14.0,336.0,383.0,607.0,30.0,14.0,6.7,3.6,101.0,35.0,34.7,12.4,27.58,383.0,607.0,63.1,4272.0,30.0,4.9,14.0,2.3,80,7.4,7.3,11.7,267.0,92.2,30.0,6.7,6.7,4.7,1.0,1.0,82.92,400.0,6012.0,1007.0,6.0,26.0,9.0,326.0,324.0,522.0,25.0,17.0,6.8,4.9,105.0,27.0,35.4,12.8,-56.64,324.0,522.0,62.1,3850.0,25.0,4.8,17.0,3.3,8.0,7.5,12.8,240.6,89.4,47.0,6.8,6.3,8.3,-52.7
79,Houston Texans,2014,372.0,5513.0,1062.0,5.2,22.0,9.0,313.0,295.0,485.0,22.0,13.0,6.6,3.9,94.0,34.0,33.0,11.3,-9.79,295.0,485.0,60.8,3352.0,22.0,4.5,13.0,2.7,76,7.1,6.8,11.7,209.5,86.4,26.0,6.6,6.3,5.1,1.0,1.0,41.25,307.0,5571.0,1077.0,5.2,34.0,14.0,329.0,363.0,619.0,28.0,20.0,5.9,4.0,99.0,34.0,26.6,16.1,79.59,363.0,619.0,58.6,3890.0,28.0,4.5,20.0,3.2,6.7,6.1,11.4,243.1,80.4,38.0,5.9,5.4,5.8,29.48
80,Cincinnati Bengals,2014,365.0,5568.0,1018.0,5.5,26.0,9.0,313.0,323.0,503.0,20.0,17.0,6.5,4.4,102.0,27.0,34.0,13.1,7.02,323.0,503.0,64.2,3421.0,20.0,4.0,17.0,3.4,81,7.1,6.3,11.0,213.8,84.2,23.0,6.5,5.8,4.4,4.0,3.0,9.94,344.0,5749.0,1067.0,5.4,26.0,6.0,337.0,365.0,608.0,18.0,20.0,6.2,4.2,105.0,35.0,32.6,13.6,-30.61,365.0,608.0,60.0,3888.0,18.0,3.0,20.0,3.3,6.6,5.7,11.0,243.0,75.8,20.0,6.2,5.3,3.2,-53.38
81,Kansas City Chiefs,2014,353.0,5100.0,962.0,5.3,17.0,11.0,309.0,320.0,493.0,18.0,6.0,5.9,4.6,88.0,33.0,35.8,9.2,37.4,320.0,493.0,64.9,3182.0,18.0,3.7,6.0,1.2,70,7.0,7.1,10.7,198.9,92.2,49.0,5.9,6.0,9.0,3.0,3.0,58.31,281.0,5288.0,1024.0,5.2,14.0,8.0,310.0,318.0,545.0,22.0,6.0,5.5,4.7,107.0,18.0,32.6,6.7,-5.79,318.0,545.0,58.3,3252.0,22.0,4.0,6.0,1.1,6.4,6.7,11.0,203.3,86.4,46.0,5.5,5.8,7.8,-17.03
82,San Diego Chargers,2014,348.0,5465.0,1009.0,5.4,23.0,5.0,326.0,380.0,574.0,31.0,18.0,6.7,3.4,111.0,37.0,33.9,12.6,51.84,380.0,574.0,66.2,4098.0,31.0,5.4,18.0,3.1,59,7.5,7.2,11.3,256.1,93.4,37.0,6.7,6.4,6.1,3.0,3.0,111.54,348.0,5413.0,988.0,5.5,18.0,11.0,307.0,320.0,524.0,24.0,7.0,6.2,4.5,129.0,41.0,35.8,9.5,-53.24,320.0,524.0,61.1,3427.0,24.0,4.6,7.0,1.3,6.9,7.2,11.3,214.2,91.3,26.0,6.2,6.5,4.7,-79.59
83,Buffalo Bills,2014,343.0,5096.0,1020.0,5.0,23.0,10.0,273.0,363.0,579.0,23.0,13.0,5.8,3.7,124.0,22.0,32.5,11.2,-49.72,363.0,579.0,62.7,3614.0,23.0,4.0,13.0,2.2,84,6.7,6.4,10.6,225.9,86.0,39.0,5.8,5.6,6.3,2.0,3.0,21.36,289.0,4995.0,1027.0,4.9,30.0,11.0,302.0,337.0,559.0,16.0,19.0,5.4,4.1,104.0,42.0,28.3,14.1,75.16,337.0,559.0,60.3,3292.0,16.0,2.9,19.0,3.4,6.4,5.5,10.7,205.8,74.5,54.0,5.4,4.5,8.8,35.24
84,Carolina Panthers,2014,339.0,5547.0,1060.0,5.2,23.0,11.0,347.0,327.0,545.0,23.0,12.0,6.0,4.3,83.0,31.0,34.8,11.8,29.83,327.0,545.0,60.0,3511.0,23.0,4.2,12.0,2.2,51,7.0,6.9,11.7,219.4,86.2,42.0,6.0,5.8,7.2,3.0,2.0,56.09,374.0,5437.0,999.0,5.4,26.0,12.0,309.0,364.0,562.0,25.0,14.0,6.1,4.5,97.0,25.0,34.1,14.0,-39.67,364.0,562.0,64.8,3645.0,25.0,4.4,14.0,2.5,7.0,6.7,10.8,227.8,89.5,40.0,6.1,5.8,6.6,-51.81
85,Minnesota Vikings,2014,325.0,5048.0,981.0,5.1,20.0,2.0,288.0,322.0,517.0,17.0,18.0,5.7,4.4,100.0,27.0,31.8,10.8,-2.41,322.0,517.0,62.3,3244.0,17.0,3.3,18.0,3.5,87,6.9,6.0,11.1,202.8,79.2,51.0,5.7,4.9,9.0,3.0,3.0,1.79,343.0,5515.0,1025.0,5.4,19.0,6.0,321.0,353.0,534.0,26.0,13.0,6.2,4.3,112.0,32.0,34.1,10.1,-42.67,353.0,534.0,66.1,3572.0,26.0,4.9,13.0,2.4,7.1,7.0,10.7,223.3,92.8,41.0,6.2,6.1,7.1,-57.96
86,St. Louis Rams,2014,324.0,5035.0,957.0,5.3,27.0,11.0,288.0,327.0,515.0,20.0,16.0,6.0,4.1,123.0,20.0,29.6,14.0,-56.29,327.0,515.0,63.5,3400.0,20.0,3.9,16.0,3.1,63,7.2,6.6,11.3,212.5,84.9,47.0,6.0,5.5,8.4,1.0,2.0,5.26,354.0,5626.0,1005.0,5.6,25.0,12.0,301.0,368.0,540.0,18.0,13.0,6.7,4.2,105.0,29.0,30.2,13.2,5.33,368.0,540.0,68.1,3861.0,18.0,3.3,13.0,2.4,7.6,7.2,11.2,241.3,91.8,40.0,6.7,6.3,6.9,-57.93
87,Detroit Lions,2014,321.0,5452.0,1045.0,5.2,20.0,8.0,310.0,365.0,604.0,22.0,12.0,6.2,3.6,118.0,28.0,32.4,9.5,41.29,365.0,604.0,60.4,4030.0,22.0,3.6,12.0,2.0,73,7.1,6.9,11.7,251.9,85.9,45.0,6.2,6.1,6.9,5.0,5.0,83.34,282.0,4815.0,984.0,4.9,27.0,7.0,310.0,383.0,592.0,23.0,20.0,5.8,3.2,99.0,42.0,26.9,14.3,48.45,383.0,592.0,64.7,3706.0,23.0,3.9,20.0,3.4,6.8,6.0,10.4,231.6,83.0,42.0,5.8,5.2,6.6,-41.9
88,Chicago Bears,2014,319.0,5233.0,1005.0,5.2,29.0,10.0,322.0,396.0,609.0,30.0,19.0,5.8,4.1,113.0,37.0,27.8,16.1,-21.44,396.0,609.0,65.0,3792.0,30.0,4.9,19.0,3.1,74,6.6,6.2,10.2,237.0,87.3,41.0,5.8,5.4,6.3,1.0,1.0,-2.52,442.0,6033.0,1008.0,6.0,24.0,10.0,325.0,366.0,548.0,34.0,14.0,7.2,4.3,106.0,20.0,44.6,12.4,-106.73,366.0,548.0,66.8,4230.0,34.0,6.2,14.0,2.6,8.1,8.2,12.2,264.4,101.7,39.0,7.2,7.3,6.6,-135.41
89,Arizona Cardinals,2014,310.0,5116.0,993.0,5.2,17.0,5.0,302.0,320.0,568.0,21.0,12.0,6.4,3.3,91.0,44.0,30.9,9.4,-15.68,320.0,568.0,56.3,3808.0,21.0,3.7,12.0,2.1,81,7.0,6.8,12.5,238.0,81.8,28.0,6.4,6.2,4.7,3.0,3.0,55.43,299.0,5891.0,1010.0,5.8,25.0,7.0,300.0,365.0,579.0,22.0,18.0,6.8,4.4,130.0,28.0,29.8,12.8,3.41,365.0,579.0,63.0,4152.0,22.0,3.8,18.0,3.1,7.6,7.0,12.0,259.5,86.0,35.0,6.8,6.2,5.7,-31.99
90,San Francisco 49ers,2014,306.0,5239.0,1009.0,5.2,22.0,12.0,303.0,292.0,487.0,20.0,10.0,5.7,4.6,116.0,34.0,30.9,11.8,10.63,292.0,487.0,60.0,3063.0,20.0,4.1,10.0,2.1,80,7.0,6.9,11.7,191.4,86.3,52.0,5.7,5.6,9.6,3.0,2.0,46.81,340.0,5143.0,989.0,5.2,29.0,6.0,308.0,324.0,551.0,29.0,23.0,6.0,4.0,122.0,37.0,32.0,16.6,-8.98,324.0,551.0,58.8,3531.0,29.0,5.3,23.0,4.2,6.8,5.9,11.5,220.7,79.5,36.0,6.0,5.2,6.1,-46.52
91,Washington Redskins,2014,301.0,5738.0,1006.0,5.7,31.0,13.0,318.0,364.0,547.0,18.0,18.0,6.7,4.2,120.0,44.0,29.7,15.6,4.71,364.0,547.0,66.5,4047.0,18.0,3.3,18.0,3.3,81,8.2,7.3,12.3,252.9,88.8,58.0,6.7,5.9,9.6,1.0,3.0,22.45,438.0,5712.0,976.0,5.9,19.0,12.0,307.0,345.0,519.0,35.0,7.0,7.2,4.1,144.0,35.0,37.4,8.8,-104.87,345.0,519.0,66.5,3990.0,35.0,6.7,7.0,1.3,8.2,8.9,12.3,249.4,108.3,36.0,7.2,7.9,6.5,-172.2
92,Cleveland Browns,2014,299.0,5193.0,1010.0,5.1,23.0,7.0,294.0,274.0,502.0,12.0,16.0,6.5,3.6,116.0,27.0,28.0,10.9,-32.0,274.0,502.0,54.6,3465.0,12.0,2.4,16.0,3.2,81,7.3,6.4,13.4,216.6,72.8,31.0,6.5,5.6,5.8,4.0,4.0,23.61,337.0,5857.0,1118.0,5.2,29.0,8.0,348.0,335.0,587.0,22.0,21.0,5.8,4.5,98.0,38.0,32.3,13.6,0.76,335.0,587.0,57.1,3592.0,22.0,3.7,21.0,3.6,6.4,5.6,11.3,224.5,74.1,31.0,5.8,5.0,5.0,0.66
93,New York Jets,2014,283.0,5226.0,1052.0,5.0,24.0,9.0,289.0,287.0,498.0,16.0,15.0,5.4,4.5,109.0,23.0,31.7,11.8,-47.78,287.0,498.0,57.6,2946.0,16.0,3.2,15.0,3.0,74,6.4,5.7,11.2,184.1,75.1,47.0,5.4,4.8,8.6,1.0,2.0,-10.34,401.0,5235.0,976.0,5.4,13.0,7.0,300.0,345.0,538.0,31.0,6.0,6.4,3.8,91.0,32.0,37.2,5.5,-74.3,345.0,538.0,64.1,3746.0,31.0,5.8,6.0,1.1,7.5,8.2,11.8,234.1,101.5,45.0,6.4,7.0,7.7,-99.33
94,Tampa Bay Buccaneers,2014,277.0,4672.0,936.0,5.0,33.0,13.0,263.0,301.0,531.0,21.0,20.0,5.7,3.9,118.0,29.0,26.7,17.2,-68.29,301.0,531.0,56.7,3297.0,21.0,4.0,20.0,3.8,56,6.8,5.9,12.0,206.1,75.2,52.0,5.7,4.8,8.9,1.0,1.0,-17.44,410.0,5903.0,1067.0,5.5,25.0,11.0,353.0,387.0,563.0,28.0,14.0,6.8,3.9,106.0,27.0,38.9,13.0,-72.07,387.0,563.0,68.7,4084.0,28.0,5.0,14.0,2.5,7.6,7.5,11.1,255.3,97.4,36.0,6.8,6.7,6.0,-137.68
95,Tennessee Titans,2014,254.0,4859.0,919.0,5.3,26.0,10.0,258.0,299.0,513.0,20.0,16.0,6.1,4.1,111.0,24.0,23.6,12.6,-99.02,299.0,513.0,58.3,3412.0,20.0,3.9,16.0,3.1,80,7.3,6.7,12.5,213.3,81.0,50.0,6.1,5.5,8.9,0.0,0.0,-41.89,438.0,5968.0,1099.0,5.4,16.0,4.0,357.0,347.0,545.0,28.0,12.0,6.5,4.3,93.0,27.0,40.8,8.4,-85.48,347.0,545.0,63.7,3773.0,28.0,5.1,12.0,2.2,7.3,7.4,11.5,235.8,93.6,39.0,6.5,6.5,6.7,-112.22
96,Oakland Raiders,2014,253.0,4515.0,994.0,4.5,29.0,13.0,248.0,365.0,629.0,22.0,16.0,5.0,3.7,116.0,19.0,22.7,13.6,-139.12,365.0,629.0,58.0,3275.0,22.0,3.5,16.0,2.5,77,5.5,5.0,9.5,204.7,74.4,28.0,5.0,4.6,4.3,1.0,1.0,-60.61,452.0,5721.0,1041.0,5.5,14.0,5.0,320.0,343.0,538.0,29.0,9.0,6.8,4.0,116.0,35.0,39.6,6.6,-56.86,343.0,538.0,63.8,3810.0,29.0,5.4,9.0,1.7,7.4,7.7,11.6,238.1,96.9,22.0,6.8,7.1,3.9,-127.44
97,Jacksonville Jaguars,2014,249.0,4634.0,988.0,4.7,26.0,8.0,271.0,325.0,557.0,15.0,18.0,4.8,4.5,73.0,31.0,22.6,12.8,-126.33,325.0,557.0,58.3,3001.0,15.0,2.7,18.0,3.2,63,6.2,5.3,10.6,187.6,72.0,71.0,4.8,4.0,11.3,1.0,1.0,-103.83,412.0,5932.0,1085.0,5.5,20.0,14.0,330.0,355.0,541.0,24.0,6.0,6.7,4.1,115.0,23.0,36.3,9.8,-39.34,355.0,541.0,65.6,3899.0,24.0,4.4,6.0,1.1,7.7,8.1,11.8,243.7,99.1,45.0,6.7,7.0,7.7,-67.17
99,Carolina Panthers,2015,500.0,5871.0,1060.0,5.5,19.0,9.0,357.0,300.0,501.0,35.0,10.0,6.7,4.3,103.0,24.0,42.9,9.6,125.65,300.0,501.0,59.9,3589.0,35.0,7.0,10.0,2.0,74,7.7,8.2,12.9,224.3,99.2,33.0,6.7,7.2,6.2,3.0,4.0,122.36,308.0,5167.0,1058.0,4.9,39.0,15.0,298.0,390.0,650.0,21.0,24.0,5.4,3.9,99.0,26.0,26.5,19.4,98.67,390.0,650.0,60.0,3752.0,21.0,3.2,24.0,3.7,6.2,5.2,10.4,234.5,73.5,44.0,5.4,4.5,6.3,63.56
100,Arizona Cardinals,2015,489.0,6533.0,1041.0,6.3,24.0,11.0,373.0,353.0,562.0,35.0,13.0,7.8,4.2,94.0,44.0,42.5,11.8,168.18,353.0,562.0,62.8,4616.0,35.0,6.2,13.0,2.3,68,8.5,8.7,13.5,288.5,100.9,27.0,7.8,8.0,4.6,2.0,5.0,215.02,313.0,5147.0,982.0,5.2,33.0,14.0,284.0,343.0,573.0,24.0,19.0,6.1,3.9,130.0,28.0,31.7,16.7,35.95,343.0,573.0,59.9,3687.0,24.0,4.2,19.0,3.3,6.9,6.3,11.5,230.4,80.9,36.0,6.1,5.4,5.9,-27.62
101,New England Patriots,2015,465.0,5991.0,1050.0,5.7,14.0,7.0,348.0,404.0,629.0,36.0,7.0,6.9,3.7,96.0,31.0,43.2,5.7,127.68,404.0,629.0,64.2,4587.0,36.0,5.7,7.0,1.1,76,7.7,8.3,11.9,286.7,101.9,38.0,6.9,7.5,5.7,2.0,2.0,167.7,315.0,5430.0,1042.0,5.2,21.0,9.0,303.0,361.0,596.0,24.0,12.0,6.0,4.0,112.0,22.0,28.9,10.5,9.01,361.0,596.0,60.6,3852.0,24.0,4.0,12.0,2.0,7.1,7.0,11.7,240.8,87.0,49.0,6.0,5.9,7.6,-43.77
102,Pittsburgh Steelers,2015,423.0,6327.0,1011.0,6.3,28.0,7.0,331.0,391.0,590.0,26.0,21.0,7.4,4.4,94.0,33.0,40.5,13.7,115.87,391.0,590.0,66.3,4603.0,26.0,4.4,21.0,3.6,88,8.2,7.5,12.3,287.7,91.2,33.0,7.4,6.7,5.3,3.0,4.0,138.45,319.0,5809.0,1055.0,5.5,30.0,13.0,327.0,402.0,625.0,29.0,17.0,6.5,3.8,121.0,25.0,32.3,14.3,29.41,402.0,625.0,64.3,4350.0,29.0,4.6,17.0,2.7,7.5,7.2,11.6,271.9,90.9,48.0,6.5,6.2,7.1,-56.26
103,Seattle Seahawks,2015,423.0,6058.0,1035.0,5.9,16.0,8.0,335.0,333.0,489.0,34.0,8.0,7.1,4.5,117.0,17.0,42.0,8.6,132.31,333.0,489.0,68.1,3790.0,34.0,7.0,8.0,1.6,80,8.3,9.0,12.2,236.9,109.8,46.0,7.1,7.7,8.6,3.0,3.0,171.26,277.0,4668.0,947.0,4.9,23.0,9.0,273.0,333.0,548.0,14.0,14.0,5.8,3.6,94.0,27.0,29.3,13.2,50.54,333.0,548.0,60.8,3364.0,14.0,2.6,14.0,2.6,6.6,6.0,10.9,210.3,78.1,37.0,5.8,5.2,6.3,-8.69
104,New York Giants,2015,420.0,5952.0,1053.0,5.7,21.0,7.0,331.0,392.0,623.0,36.0,14.0,6.7,4.0,102.0,46.0,38.2,11.3,58.71,392.0,623.0,62.9,4343.0,36.0,5.8,14.0,2.2,87,7.2,7.4,11.5,271.4,94.5,27.0,6.7,6.8,4.2,1.0,2.0,107.79,442.0,6725.0,1105.0,6.1,28.0,13.0,367.0,423.0,638.0,31.0,15.0,7.2,4.4,120.0,27.0,40.5,14.2,-105.13,423.0,638.0,66.3,4783.0,31.0,4.9,15.0,2.4,7.7,7.6,11.6,298.9,95.9,23.0,7.2,7.2,3.5,-115.93
105,Cincinnati Bengals,2015,419.0,5728.0,1004.0,5.7,17.0,8.0,324.0,334.0,505.0,31.0,9.0,7.3,3.9,111.0,34.0,39.6,9.3,97.28,334.0,505.0,66.1,3923.0,31.0,6.1,9.0,1.8,80,8.1,8.6,12.3,245.2,104.1,32.0,7.3,7.7,6.0,3.0,3.0,159.94,279.0,5453.0,1032.0,5.3,28.0,7.0,307.0,415.0,646.0,18.0,21.0,5.8,4.3,116.0,31.0,28.9,15.0,24.23,415.0,646.0,64.2,3976.0,18.0,2.8,21.0,3.3,6.6,5.7,10.3,248.5,78.9,42.0,5.8,4.9,6.1,-15.92
106,New Orleans Saints,2015,408.0,6461.0,1096.0,5.9,20.0,8.0,381.0,460.0,667.0,32.0,12.0,7.1,3.8,130.0,36.0,36.3,10.4,144.2,460.0,667.0,69.0,4970.0,32.0,4.8,12.0,1.8,80,7.8,8.0,11.3,310.6,100.6,32.0,7.1,7.3,4.6,1.0,2.0,178.88,476.0,6615.0,997.0,6.6,22.0,13.0,380.0,372.0,544.0,45.0,9.0,7.9,4.9,114.0,54.0,43.9,11.7,-204.1,372.0,544.0,68.4,4544.0,45.0,8.3,9.0,1.7,8.7,9.7,12.8,284.0,116.2,31.0,7.9,8.8,5.4,-234.98
107,Kansas City Chiefs,2015,405.0,5299.0,955.0,5.5,15.0,8.0,303.0,310.0,473.0,20.0,7.0,6.3,4.7,104.0,32.0,37.9,7.1,73.11,310.0,473.0,65.5,3255.0,20.0,4.2,7.0,1.5,80,7.4,7.6,11.3,203.4,95.4,46.0,6.3,6.4,8.9,1.0,1.0,47.83,287.0,5269.0,1037.0,5.1,29.0,7.0,313.0,349.0,607.0,25.0,22.0,5.7,4.1,110.0,34.0,27.3,15.3,69.97,349.0,607.0,57.5,3698.0,25.0,4.1,22.0,3.6,6.6,5.8,11.4,231.1,76.0,47.0,5.7,4.9,7.2,27.86
108,Washington Redskins,2015,388.0,5661.0,1011.0,5.6,22.0,11.0,317.0,386.0,555.0,30.0,11.0,7.0,3.7,105.0,28.0,36.1,11.1,69.13,386.0,555.0,69.5,4095.0,30.0,5.4,11.0,2.0,78,7.7,7.9,11.1,255.9,102.0,27.0,7.0,7.2,4.6,2.0,3.0,132.42,379.0,6090.0,1010.0,6.0,27.0,16.0,329.0,354.0,566.0,30.0,11.0,6.8,4.8,112.0,24.0,35.4,14.9,-75.97,354.0,566.0,62.5,4128.0,30.0,5.3,11.0,1.9,7.8,7.9,12.4,258.0,96.1,38.0,6.8,7.0,6.3,-100.12
109,New York Jets,2015,387.0,5925.0,1074.0,5.5,24.0,8.0,329.0,362.0,604.0,33.0,16.0,6.5,4.2,96.0,20.0,35.7,11.6,55.82,362.0,604.0,59.9,4057.0,33.0,5.5,16.0,2.6,69,6.9,6.8,11.5,253.6,88.0,22.0,6.5,6.4,3.5,2.0,3.0,95.9,314.0,5098.0,1013.0,5.0,30.0,12.0,271.0,343.0,601.0,25.0,18.0,5.9,3.6,90.0,24.0,28.4,14.4,54.43,343.0,601.0,57.1,3763.0,25.0,4.2,18.0,3.0,6.7,6.2,11.8,235.2,79.0,39.0,5.9,5.4,6.1,-23.17
110,Buffalo Bills,2015,379.0,5775.0,1016.0,5.7,19.0,10.0,297.0,295.0,465.0,23.0,9.0,6.6,4.8,143.0,20.0,34.9,8.6,49.56,295.0,465.0,63.4,3343.0,23.0,4.9,9.0,1.9,63,7.7,7.9,12.2,208.9,95.6,42.0,6.6,6.7,8.3,1.0,2.0,40.27,359.0,5702.0,1017.0,5.6,25.0,8.0,322.0,347.0,602.0,30.0,17.0,6.4,4.4,113.0,37.0,32.5,11.0,-49.07,347.0,602.0,57.6,3972.0,30.0,5.0,17.0,2.8,6.8,6.5,11.8,248.3,83.3,21.0,6.4,6.1,3.4,-54.15
111,Philadelphia Eagles,2015,377.0,5830.0,1102.0,5.3,31.0,13.0,339.0,405.0,623.0,23.0,18.0,6.2,3.9,104.0,36.0,29.1,15.3,-5.18,405.0,623.0,65.0,4087.0,23.0,3.7,18.0,2.9,78,7.0,6.4,10.7,255.4,85.6,37.0,6.2,5.7,5.6,0.0,2.0,34.73,430.0,6426.0,1148.0,5.6,26.0,11.0,365.0,394.0,633.0,36.0,15.0,6.4,4.5,123.0,26.0,36.0,11.8,-65.84,394.0,633.0,62.2,4273.0,36.0,5.7,15.0,2.4,7.1,7.2,11.5,267.1,92.8,37.0,6.4,6.4,5.5,-75.96
112,Jacksonville Jaguars,2015,376.0,5581.0,1012.0,5.5,28.0,10.0,313.0,355.0,607.0,35.0,18.0,6.2,4.2,105.0,29.0,34.2,14.0,-8.44,355.0,607.0,58.5,4108.0,35.0,5.8,18.0,3.0,90,7.3,7.1,12.5,256.8,88.1,51.0,6.2,6.1,7.8,3.0,4.0,52.47,448.0,6000.0,1102.0,5.4,18.0,9.0,362.0,390.0,602.0,29.0,9.0,6.7,3.7,114.0,38.0,38.1,8.8,-88.89,390.0,602.0,64.8,4291.0,29.0,4.8,9.0,1.5,7.5,7.8,11.6,268.2,97.2,36.0,6.7,7.0,5.6,-134.59
113,Green Bay Packers,2015,368.0,5353.0,1056.0,5.1,17.0,9.0,317.0,348.0,573.0,31.0,8.0,5.7,4.2,105.0,44.0,33.3,8.9,50.06,348.0,573.0,60.7,3503.0,31.0,5.4,8.0,1.4,65,6.7,7.1,11.0,218.9,92.7,47.0,5.7,6.1,7.6,2.0,2.0,79.41,323.0,5547.0,1014.0,5.5,22.0,6.0,300.0,321.0,551.0,20.0,16.0,6.1,4.5,120.0,21.0,31.3,11.5,-1.65,321.0,551.0,58.3,3642.0,20.0,3.6,16.0,2.9,7.1,6.5,12.1,227.6,80.1,43.0,6.1,5.6,7.2,-14.34
114,Minnesota Vikings,2015,365.0,5139.0,973.0,5.3,17.0,8.0,297.0,294.0,454.0,14.0,9.0,5.9,4.7,88.0,31.0,38.4,9.3,34.58,294.0,454.0,64.8,2928.0,14.0,3.1,9.0,2.0,52,7.1,6.9,11.0,183.0,87.9,45.0,5.9,5.6,9.0,1.0,2.0,18.21,302.0,5510.0,1015.0,5.4,22.0,9.0,318.0,359.0,561.0,24.0,13.0,6.2,4.3,109.0,35.0,33.3,11.9,3.87,359.0,561.0,64.0,3762.0,24.0,4.3,13.0,2.3,7.2,7.0,11.3,235.1,90.1,43.0,6.2,6.1,7.1,-35.54
115,Oakland Raiders,2015,359.0,5336.0,1008.0,5.3,24.0,10.0,300.0,373.0,605.0,34.0,14.0,6.1,3.9,139.0,33.0,31.8,10.3,0.17,373.0,605.0,61.7,3879.0,34.0,5.6,14.0,2.3,68,6.8,6.9,11.1,242.4,91.0,33.0,6.1,6.2,5.2,4.0,4.0,48.7,399.0,5818.0,1085.0,5.4,25.0,11.0,344.0,404.0,641.0,25.0,14.0,6.1,4.1,104.0,44.0,38.2,11.5,-59.91,404.0,641.0,63.0,4140.0,25.0,3.9,14.0,2.2,6.8,6.6,10.8,258.8,86.8,38.0,6.1,5.9,5.6,-70.87
116,Detroit Lions,2015,358.0,5547.0,1030.0,5.4,24.0,10.0,337.0,420.0,632.0,33.0,14.0,6.2,3.8,104.0,30.0,34.6,12.3,40.73,420.0,632.0,66.5,4212.0,33.0,5.2,14.0,2.2,57,7.1,7.1,10.6,263.3,95.1,44.0,6.2,6.3,6.5,2.0,3.0,77.76,400.0,5597.0,999.0,5.6,19.0,10.0,319.0,360.0,528.0,27.0,9.0,6.6,4.2,96.0,32.0,38.2,9.1,-85.51,360.0,528.0,68.2,3789.0,27.0,5.1,9.0,1.7,7.7,8.0,11.3,236.8,100.9,43.0,6.6,6.9,7.5,-109.01
117,Denver Broncos,2015,355.0,5688.0,1056.0,5.4,31.0,8.0,314.0,368.0,606.0,19.0,23.0,6.2,4.2,115.0,28.0,31.2,15.1,-56.3,368.0,606.0,60.7,3970.0,19.0,3.1,23.0,3.8,75,7.0,5.9,11.5,248.1,76.3,39.0,6.2,5.1,6.0,6.0,6.0,-0.66,296.0,4530.0,1033.0,4.4,27.0,13.0,289.0,344.0,573.0,19.0,14.0,5.1,3.3,104.0,46.0,26.9,11.9,146.71,344.0,573.0,60.0,3193.0,19.0,3.3,14.0,2.4,6.2,5.7,10.3,199.6,78.8,52.0,5.1,4.7,8.3,59.89
118,Tampa Bay Buccaneers,2015,342.0,6014.0,1017.0,5.9,28.0,13.0,336.0,312.0,535.0,22.0,15.0,6.9,4.8,143.0,36.0,35.8,14.8,58.23,312.0,535.0,58.3,3852.0,22.0,4.1,15.0,2.8,68,7.6,7.1,13.0,240.8,84.2,27.0,6.9,6.4,4.8,2.0,3.0,86.17,417.0,5446.0,1045.0,5.2,23.0,12.0,351.0,378.0,541.0,31.0,11.0,6.6,3.4,104.0,39.0,41.7,12.8,-80.13,378.0,541.0,69.9,3840.0,31.0,5.7,11.0,2.0,7.5,7.8,10.8,240.0,102.3,38.0,6.6,6.8,6.6,-134.46
119,Atlanta Falcons,2015,339.0,5985.0,1073.0,5.6,30.0,13.0,359.0,410.0,621.0,21.0,17.0,6.7,3.8,100.0,34.0,34.5,17.2,60.21,410.0,621.0,66.0,4379.0,21.0,3.4,17.0,2.7,70,7.4,6.9,11.2,273.7,87.8,32.0,6.7,6.2,4.9,4.0,4.0,132.47,345.0,5562.0,996.0,5.6,23.0,8.0,335.0,370.0,561.0,19.0,15.0,6.7,4.0,95.0,31.0,34.3,13.4,-53.03,370.0,561.0,66.0,3882.0,19.0,3.4,15.0,2.7,7.1,6.6,10.8,242.6,86.9,19.0,6.7,6.2,3.3,-87.55
120,Houston Texans,2015,339.0,5564.0,1127.0,4.9,20.0,8.0,335.0,358.0,619.0,29.0,12.0,5.9,3.7,107.0,35.0,28.9,9.8,-45.34,358.0,619.0,57.8,3833.0,29.0,4.7,12.0,1.9,61,6.6,6.7,11.4,239.6,85.3,36.0,5.9,5.9,5.5,3.0,3.0,12.41,313.0,4963.0,986.0,5.0,25.0,11.0,281.0,326.0,553.0,24.0,14.0,5.6,4.1,116.0,29.0,27.3,11.1,47.11,326.0,553.0,59.0,3366.0,24.0,4.3,14.0,2.5,6.6,6.4,11.3,210.4,82.8,45.0,5.6,5.4,7.5,7.39
121,Chicago Bears,2015,335.0,5517.0,1025.0,5.4,21.0,9.0,312.0,334.0,523.0,21.0,12.0,6.6,4.0,99.0,27.0,37.4,11.2,23.83,334.0,523.0,63.9,3663.0,21.0,4.0,12.0,2.3,87,7.4,7.1,11.5,228.9,89.8,34.0,6.6,6.4,6.1,4.0,4.0,49.93,397.0,5527.0,981.0,5.6,17.0,9.0,307.0,322.0,513.0,31.0,8.0,6.6,4.5,98.0,22.0,36.6,8.0,-87.45,322.0,513.0,62.8,3593.0,31.0,6.0,8.0,1.6,7.5,8.0,11.9,224.6,99.1,35.0,6.6,7.0,6.4,-101.61
122,Indianapolis Colts,2015,333.0,5142.0,1052.0,4.9,30.0,11.0,311.0,355.0,619.0,26.0,19.0,5.6,3.6,108.0,39.0,29.4,14.4,-42.31,355.0,619.0,57.4,3704.0,26.0,4.2,19.0,3.1,87,6.3,5.8,11.1,231.5,77.5,37.0,5.6,5.1,5.6,2.0,4.0,18.03,408.0,6066.0,1072.0,5.7,25.0,8.0,331.0,354.0,585.0,29.0,17.0,6.6,4.3,133.0,32.0,36.6,12.4,-52.3,354.0,585.0,60.5,4114.0,29.0,5.0,17.0,2.9,7.5,7.1,12.3,257.1,88.0,35.0,6.6,6.3,5.6,-97.34
123,Baltimore Ravens,2015,328.0,5749.0,1083.0,5.3,28.0,7.0,323.0,426.0,676.0,21.0,21.0,6.1,3.9,122.0,23.0,33.3,14.0,-42.02,426.0,676.0,63.0,4271.0,21.0,3.1,21.0,3.1,50,6.6,5.8,10.4,266.9,79.4,24.0,6.1,5.4,3.4,3.0,3.0,8.6,401.0,5398.0,1000.0,5.4,14.0,8.0,311.0,350.0,545.0,30.0,6.0,6.4,4.0,103.0,42.0,37.4,7.0,-87.67,350.0,545.0,64.2,3737.0,30.0,5.5,6.0,1.1,7.3,7.9,11.3,233.6,99.6,37.0,6.4,7.0,6.4,-132.61
124,San Diego Chargers,2015,320.0,5949.0,1100.0,5.4,24.0,11.0,344.0,442.0,667.0,30.0,13.0,6.5,3.5,117.0,35.0,33.7,12.4,22.23,442.0,667.0,66.3,4591.0,30.0,4.5,13.0,1.9,80,7.3,7.3,11.0,286.9,94.5,40.0,6.5,6.5,5.7,1.0,2.0,93.92,398.0,5791.0,959.0,6.0,20.0,9.0,299.0,328.0,510.0,22.0,11.0,7.0,4.8,120.0,28.0,37.8,10.0,-91.53,328.0,510.0,64.3,3786.0,22.0,4.3,11.0,2.2,7.9,7.8,12.2,236.6,93.8,32.0,7.0,6.9,5.9,-84.42
125,Miami Dolphins,2015,310.0,5307.0,977.0,5.4,19.0,7.0,291.0,365.0,588.0,24.0,12.0,6.0,4.3,134.0,25.0,25.7,9.6,1.89,365.0,588.0,62.1,3811.0,24.0,4.1,12.0,2.0,54,7.2,7.1,11.6,238.2,88.9,45.0,6.0,5.9,7.1,2.0,2.0,30.04,389.0,6019.0,1076.0,5.6,16.0,3.0,351.0,350.0,542.0,31.0,13.0,7.0,4.0,121.0,36.0,34.0,8.4,-92.5,350.0,542.0,64.6,4000.0,31.0,5.7,13.0,2.4,7.8,7.9,12.1,250.0,97.4,31.0,7.0,7.0,5.4,-129.92
126,Tennessee Titans,2015,299.0,4988.0,976.0,5.1,33.0,16.0,298.0,342.0,551.0,25.0,17.0,5.8,4.0,93.0,37.0,25.7,16.2,-67.51,342.0,551.0,62.1,3503.0,25.0,4.5,17.0,3.1,61,7.1,6.6,11.4,218.9,85.5,54.0,5.8,5.4,8.9,2.0,2.0,-10.68,423.0,5475.0,1004.0,5.5,19.0,8.0,317.0,319.0,503.0,34.0,11.0,6.8,3.9,112.0,24.0,36.6,8.1,-47.06,319.0,503.0,63.4,3678.0,34.0,6.8,11.0,2.2,7.9,8.2,12.4,229.9,101.1,39.0,6.8,7.1,7.2,-105.21
127,St. Louis Rams,2015,280.0,4761.0,920.0,5.2,22.0,11.0,241.0,273.0,473.0,11.0,11.0,5.7,4.6,122.0,23.0,24.5,10.2,-83.37,273.0,473.0,57.7,2805.0,11.0,2.3,11.0,2.3,68,6.2,5.6,10.7,175.3,74.1,18.0,5.7,5.2,3.7,1.0,1.0,-41.85,330.0,5885.0,1091.0,5.4,26.0,13.0,320.0,399.0,597.0,21.0,13.0,6.4,4.0,109.0,30.0,31.8,12.1,26.21,399.0,597.0,66.8,4065.0,21.0,3.5,13.0,2.2,7.2,6.9,10.8,254.1,90.4,41.0,6.4,6.1,6.4,-38.11
128,Cleveland Browns,2015,278.0,5311.0,1042.0,5.1,30.0,18.0,307.0,371.0,609.0,20.0,12.0,5.7,4.0,120.0,34.0,29.8,15.2,-39.52,371.0,609.0,60.9,3782.0,20.0,3.3,12.0,2.0,61,6.8,6.6,11.2,236.4,84.0,53.0,5.7,5.5,8.0,1.0,1.0,16.94,432.0,6067.0,998.0,6.1,21.0,10.0,321.0,322.0,511.0,34.0,11.0,7.4,4.5,108.0,31.0,41.9,11.7,-114.79,322.0,511.0,63.0,4012.0,34.0,6.7,11.0,2.2,8.2,8.5,12.9,250.8,101.8,29.0,7.4,7.8,5.4,-128.02
129,Dallas Cowboys,2015,275.0,5361.0,969.0,5.5,33.0,11.0,307.0,334.0,528.0,16.0,22.0,6.2,4.6,112.0,38.0,31.4,18.0,-44.61,334.0,528.0,63.3,3471.0,16.0,3.0,22.0,4.2,67,7.0,5.7,11.0,216.9,76.6,33.0,6.2,5.0,5.9,2.0,3.0,-25.67,374.0,5567.0,997.0,5.6,11.0,3.0,317.0,330.0,506.0,19.0,8.0,6.8,4.2,113.0,32.0,36.7,5.6,-64.24,330.0,506.0,65.2,3636.0,19.0,3.8,8.0,1.6,7.6,7.7,11.7,227.3,94.2,31.0,6.8,6.8,5.8,-86.0
130,San Francisco 49ers,2015,238.0,4860.0,969.0,5.0,17.0,5.0,261.0,322.0,526.0,16.0,12.0,5.7,4.0,113.0,24.0,25.8,8.2,-51.85,322.0,526.0,61.2,3316.0,16.0,3.0,12.0,2.3,76,6.9,6.5,11.3,207.3,82.6,53.0,5.7,5.3,9.2,2.0,2.0,-25.62,387.0,6199.0,1081.0,5.7,12.0,3.0,356.0,375.0,549.0,21.0,9.0,7.2,4.0,112.0,29.0,37.9,6.6,-112.32,375.0,549.0,68.3,4179.0,21.0,3.8,9.0,1.6,8.0,8.0,11.7,261.2,98.1,28.0,7.2,7.3,4.9,-145.66
